time,fluid_in,fluid_out,mass_blnc_pct,p0,z0
0,0,0,0,0,0
1,48017304.328094,48019022.449624,-0.003578129912828,590933.436946,0.00034915950632046
